indic_de,geo,TIME_PERIOD,OBS_VALUE,OBS_FLAG
CNMIGRATRT,AD,2012,-29.8,
CNMIGRATRT,AD,2016,14.5,e
CNMIGRATRT,AD,2018,15.6,e
CNMIGRATRT,AD,2019,14.7,e
CNMIGRATRT,AD,2022,23.9,
CNMIGRATRT,AL,2011,-6.4,
CNMIGRATRT,AL,2012,-6.8,
CNMIGRATRT,AL,2013,-7.1,
CNMIGRATRT,AL,2014,-7.5,
CNMIGRATRT,AL,2015,-7.1,
CNMIGRATRT,AL,2016,-3.2,
CNMIGRATRT,AL,2017,-5.2,
CNMIGRATRT,AL,2018,-5.2,
CNMIGRATRT,AL,2019,-8.1,
CNMIGRATRT,AL,2020,-5.9,
CNMIGRATRT,AL,2021,-11.7,
CNMIGRATRT,AL,2022,-11.7,
CNMIGRATRT,AM,2011,-1.1,
CNMIGRATRT,AM,2015,-8.6,
CNMIGRATRT,AM,2016,-8.3,
CNMIGRATRT,AM,2017,-8,
CNMIGRATRT,AM,2018,-6.2,
CNMIGRATRT,AM,2019,-5.2,
CNMIGRATRT,AM,2020,1.1,
CNMIGRATRT,AT,2011,3.7,
CNMIGRATRT,AT,2012,5.2,
CNMIGRATRT,AT,2013,6.6,
CNMIGRATRT,AT,2014,8.6,
CNMIGRATRT,AT,2015,13.2,
CNMIGRATRT,AT,2016,7.5,
CNMIGRATRT,AT,2017,5.1,
CNMIGRATRT,AT,2018,4,
CNMIGRATRT,AT,2019,4.6,
CNMIGRATRT,AT,2020,4.4,
CNMIGRATRT,AT,2021,5.8,
CNMIGRATRT,AT,2022,15.1,
CNMIGRATRT,AZ,2011,0.2,
CNMIGRATRT,AZ,2012,0.2,
CNMIGRATRT,AZ,2013,0.2,
CNMIGRATRT,AZ,2014,0.1,
CNMIGRATRT,AZ,2015,0.1,
CNMIGRATRT,AZ,2016,0.2,
CNMIGRATRT,AZ,2017,0.1,
CNMIGRATRT,AZ,2018,0.2,
CNMIGRATRT,AZ,2019,0,
CNMIGRATRT,AZ,2020,0.1,
CNMIGRATRT,AZ,2021,0.2,
CNMIGRATRT,AZ,2022,-9,
CNMIGRATRT,BA,2011,-0.1,
CNMIGRATRT,BA,2012,0,
CNMIGRATRT,BA,2013,0.1,
CNMIGRATRT,BA,2014,0,
CNMIGRATRT,BA,2016,0,
CNMIGRATRT,BA,2017,-0.6,
CNMIGRATRT,BA,2018,0,p
CNMIGRATRT,BE,2011,4.6,b
CNMIGRATRT,BE,2012,3.9,b
CNMIGRATRT,BE,2013,2.4,
CNMIGRATRT,BE,2014,3.2,
CNMIGRATRT,BE,2015,5.5,
CNMIGRATRT,BE,2016,2.4,
CNMIGRATRT,BE,2017,3.2,
CNMIGRATRT,BE,2018,4.3,
CNMIGRATRT,BE,2019,5,
CNMIGRATRT,BE,2020,3.9,
CNMIGRATRT,BE,2021,4.9,
CNMIGRATRT,BE,2022,10.9,
CNMIGRATRT,BG,2011,-0.7,
CNMIGRATRT,BG,2012,-0.3,
CNMIGRATRT,BG,2013,-0.2,
CNMIGRATRT,BG,2014,-0.3,
CNMIGRATRT,BG,2015,-0.6,
CNMIGRATRT,BG,2016,-1.3,
CNMIGRATRT,BG,2017,-0.8,
CNMIGRATRT,BG,2018,-0.5,
CNMIGRATRT,BG,2019,-0.3,
CNMIGRATRT,BG,2020,4.4,
CNMIGRATRT,BG,2021,1.8,
CNMIGRATRT,BG,2022,-49.5,
CNMIGRATRT,BY,2011,1,
CNMIGRATRT,BY,2012,1,
CNMIGRATRT,BY,2014,1.7,
CNMIGRATRT,BY,2015,1.9,e
CNMIGRATRT,BY,2016,0.8,
CNMIGRATRT,BY,2017,0.4,
CNMIGRATRT,BY,2018,1,
CNMIGRATRT,BY,2019,-3.6,
CNMIGRATRT,CH,2011,8.3,b
CNMIGRATRT,CH,2012,8.3,
CNMIGRATRT,CH,2013,10.2,
CNMIGRATRT,CH,2014,9.4,
CNMIGRATRT,CH,2015,8.5,
CNMIGRATRT,CH,2016,8.3,
CNMIGRATRT,CH,2017,5.2,
CNMIGRATRT,CH,2018,4.7,
CNMIGRATRT,CH,2019,5,
CNMIGRATRT,CH,2020,6.3,
CNMIGRATRT,CH,2021,5.7,
CNMIGRATRT,CH,2022,7.8,
CNMIGRATRT,CY,2011,21.3,
CNMIGRATRT,CY,2012,-0.7,
CNMIGRATRT,CY,2013,-14,
CNMIGRATRT,CY,2014,-17.4,
CNMIGRATRT,CY,2015,-2.4,
CNMIGRATRT,CY,2016,2.9,
CNMIGRATRT,CY,2017,7.2,
CNMIGRATRT,CY,2018,9.3,
CNMIGRATRT,CY,2019,10,
CNMIGRATRT,CY,2020,5,
CNMIGRATRT,CY,2021,6.2,
CNMIGRATRT,CY,2022,14.3,
CNMIGRATRT,CZ,2011,1.6,
CNMIGRATRT,CZ,2012,1,
CNMIGRATRT,CZ,2013,-0.1,
CNMIGRATRT,CZ,2014,2.1,
CNMIGRATRT,CZ,2015,1.5,
CNMIGRATRT,CZ,2016,1.9,
CNMIGRATRT,CZ,2017,2.7,
CNMIGRATRT,CZ,2018,3.6,
CNMIGRATRT,CZ,2019,4.1,
CNMIGRATRT,CZ,2020,2.5,
CNMIGRATRT,CZ,2021,4.8,b
CNMIGRATRT,CZ,2022,30.9,b
CNMIGRATRT,DE,2011,3.7,b
CNMIGRATRT,DE,2012,4.9,
CNMIGRATRT,DE,2013,5.6,
CNMIGRATRT,DE,2014,7.2,
CNMIGRATRT,DE,2015,14.3,
CNMIGRATRT,DE,2016,5.6,
CNMIGRATRT,DE,2017,5.1,
CNMIGRATRT,DE,2018,4.8,
CNMIGRATRT,DE,2019,3.7,
CNMIGRATRT,DE,2020,2.4,
CNMIGRATRT,DE,2021,3.7,
CNMIGRATRT,DE,2022,17.3,
CNMIGRATRT,DK,2011,2.4,
CNMIGRATRT,DK,2012,3,
CNMIGRATRT,DK,2013,3.8,
CNMIGRATRT,DK,2014,4.8,
CNMIGRATRT,DK,2015,7.4,
CNMIGRATRT,DK,2016,5.7,
CNMIGRATRT,DK,2017,4.2,
CNMIGRATRT,DK,2018,3.2,
CNMIGRATRT,DK,2019,1.6,
CNMIGRATRT,DK,2020,1.9,
CNMIGRATRT,DK,2021,4.6,
CNMIGRATRT,DK,2022,10.2,
CNMIGRATRT,EA19,2011,1.4,b
CNMIGRATRT,EA19,2012,2,b
CNMIGRATRT,EA19,2013,4.4,
CNMIGRATRT,EA19,2014,2.1,b
CNMIGRATRT,EA19,2015,4,b
CNMIGRATRT,EA19,2016,2.3,
CNMIGRATRT,EA19,2017,2.7,b
CNMIGRATRT,EA19,2018,3.6,e
CNMIGRATRT,EA19,2019,3.7,bep
CNMIGRATRT,EA19,2020,2.2,p
CNMIGRATRT,EA19,2021,2.5,bp
CNMIGRATRT,EA19,2022,11,bp
CNMIGRATRT,EA20,2011,1.4,b
CNMIGRATRT,EA20,2012,1.9,b
CNMIGRATRT,EA20,2013,4.3,
CNMIGRATRT,EA20,2014,2,b
CNMIGRATRT,EA20,2015,3.9,b
CNMIGRATRT,EA20,2016,2.3,
CNMIGRATRT,EA20,2017,2.6,b
CNMIGRATRT,EA20,2018,3.5,e
CNMIGRATRT,EA20,2019,3.6,be
CNMIGRATRT,EA20,2020,2.1,p
CNMIGRATRT,EA20,2021,2.3,bp
CNMIGRATRT,EA20,2022,10.9,bp
CNMIGRATRT,EE,2011,-2.9,
CNMIGRATRT,EE,2012,-2.8,
CNMIGRATRT,EE,2013,-2,
CNMIGRATRT,EE,2014,-0.5,
CNMIGRATRT,EE,2015,1.8,b
CNMIGRATRT,EE,2016,0.8,
CNMIGRATRT,EE,2017,4,
CNMIGRATRT,EE,2018,5.3,
CNMIGRATRT,EE,2019,4.1,
CNMIGRATRT,EE,2020,2.8,
CNMIGRATRT,EE,2021,5.3,
CNMIGRATRT,EE,2022,29.5,
CNMIGRATRT,EL,2011,-2.9,
CNMIGRATRT,EL,2012,-6,
CNMIGRATRT,EL,2013,-5.4,
CNMIGRATRT,EL,2014,-4.3,
CNMIGRATRT,EL,2015,-4.2,
CNMIGRATRT,EL,2016,1,
CNMIGRATRT,EL,2017,0.8,
CNMIGRATRT,EL,2018,1.6,
CNMIGRATRT,EL,2019,3.3,
CNMIGRATRT,EL,2020,0.6,
CNMIGRATRT,EL,2021,-15.2,
CNMIGRATRT,EL,2022,1.7,
CNMIGRATRT,ES,2011,1.4,
CNMIGRATRT,ES,2012,-3,
CNMIGRATRT,ES,2013,-5.4,
CNMIGRATRT,ES,2014,-2,
CNMIGRATRT,ES,2015,-0.2,
CNMIGRATRT,ES,2016,1.9,
CNMIGRATRT,ES,2017,3.5,
CNMIGRATRT,ES,2018,7.1,
CNMIGRATRT,ES,2019,9.6,
CNMIGRATRT,ES,2020,4.6,
CNMIGRATRT,ES,2021,3.1,
CNMIGRATRT,ES,2022,16.5,
CNMIGRATRT,EU27_2020,2011,1.1,b
CNMIGRATRT,EU27_2020,2012,1.7,b
CNMIGRATRT,EU27_2020,2013,3.4,
CNMIGRATRT,EU27_2020,2014,1.8,b
CNMIGRATRT,EU27_2020,2015,3.2,b
CNMIGRATRT,EU27_2020,2016,2,
CNMIGRATRT,EU27_2020,2017,2.3,b
CNMIGRATRT,EU27_2020,2018,3,e
CNMIGRATRT,EU27_2020,2019,3.2,bep
CNMIGRATRT,EU27_2020,2020,1.9,ep
CNMIGRATRT,EU27_2020,2021,1.9,bep
CNMIGRATRT,EU27_2020,2022,7.2,bep
CNMIGRATRT,FI,2011,3.1,
CNMIGRATRT,FI,2012,3.3,
CNMIGRATRT,FI,2013,3.3,
CNMIGRATRT,FI,2014,2.8,
CNMIGRATRT,FI,2015,2.3,
CNMIGRATRT,FI,2016,3.1,
CNMIGRATRT,FI,2017,2.4,
CNMIGRATRT,FI,2018,2.1,
CNMIGRATRT,FI,2019,2.8,
CNMIGRATRT,FI,2020,3.2,
CNMIGRATRT,FI,2021,4.1,
CNMIGRATRT,FI,2022,6.1,
CNMIGRATRT,FR,2011,0.3,
CNMIGRATRT,FR,2012,1.1,
CNMIGRATRT,FR,2013,1.5,
CNMIGRATRT,FR,2014,0.5,b
CNMIGRATRT,FR,2015,-0.4,
CNMIGRATRT,FR,2016,-0.3,
CNMIGRATRT,FR,2017,0.8,
CNMIGRATRT,FR,2018,1.7,
CNMIGRATRT,FR,2019,0.8,p
CNMIGRATRT,FR,2020,1.5,p
CNMIGRATRT,FR,2021,2,p
CNMIGRATRT,FR,2022,2.4,p
CNMIGRATRT,FX,2011,0.8,
CNMIGRATRT,FX,2012,1.4,
CNMIGRATRT,GE,2011,4.5,
CNMIGRATRT,GE,2014,-188,b
CNMIGRATRT,GE,2015,-5.2,
CNMIGRATRT,GE,2016,0,
CNMIGRATRT,GE,2017,-0.6,
CNMIGRATRT,GE,2018,-2.9,
CNMIGRATRT,GE,2019,-2.2,
CNMIGRATRT,GE,2020,4.2,
CNMIGRATRT,GE,2021,-7,
CNMIGRATRT,HR,2011,-0.9,
CNMIGRATRT,HR,2012,-0.9,
CNMIGRATRT,HR,2013,-1.1,
CNMIGRATRT,HR,2014,-2.4,
CNMIGRATRT,HR,2015,-4.3,
CNMIGRATRT,HR,2016,-5.4,
CNMIGRATRT,HR,2017,-7.7,
CNMIGRATRT,HR,2018,-3.3,
CNMIGRATRT,HR,2019,-0.6,
CNMIGRATRT,HR,2020,-0.2,
CNMIGRATRT,HR,2021,-37.4,
CNMIGRATRT,HR,2022,3,
CNMIGRATRT,HU,2011,1.3,
CNMIGRATRT,HU,2012,1.6,b
CNMIGRATRT,HU,2013,0.6,
CNMIGRATRT,HU,2014,1.1,
CNMIGRATRT,HU,2015,1.5,
CNMIGRATRT,HU,2016,-0.1,
CNMIGRATRT,HU,2017,1.8,
CNMIGRATRT,HU,2018,3.3,
CNMIGRATRT,HU,2019,3.4,
CNMIGRATRT,HU,2020,0.9,
CNMIGRATRT,HU,2021,2.1,
CNMIGRATRT,HU,2022,-4.4,
CNMIGRATRT,IE,2011,-5.9,
CNMIGRATRT,IE,2012,-4.8,
CNMIGRATRT,IE,2013,-2.5,
CNMIGRATRT,IE,2014,0.4,
CNMIGRATRT,IE,2015,2.8,
CNMIGRATRT,IE,2016,5.2,
CNMIGRATRT,IE,2017,3,
CNMIGRATRT,IE,2018,9,e
CNMIGRATRT,IE,2019,6.5,e
CNMIGRATRT,IE,2020,3.7,
CNMIGRATRT,IE,2021,5.4,
CNMIGRATRT,IE,2022,37.2,
CNMIGRATRT,IS,2011,-4.3,
CNMIGRATRT,IS,2012,-0.9,
CNMIGRATRT,IS,2013,5.1,
CNMIGRATRT,IS,2014,3.4,
CNMIGRATRT,IS,2015,4.5,
CNMIGRATRT,IS,2016,12.2,
CNMIGRATRT,IS,2017,24.1,
CNMIGRATRT,IS,2018,18.6,
CNMIGRATRT,IS,2019,13.8,
CNMIGRATRT,IS,2020,6.7,
CNMIGRATRT,IS,2021,13.2,
CNMIGRATRT,IS,2022,25.7,
CNMIGRATRT,IT,2011,1.3,
CNMIGRATRT,IT,2012,6.2,
CNMIGRATRT,IT,2013,19.7,
CNMIGRATRT,IT,2014,1.8,
CNMIGRATRT,IT,2015,0.5,
CNMIGRATRT,IT,2016,1.1,
CNMIGRATRT,IT,2017,1.4,
CNMIGRATRT,IT,2018,1.1,
CNMIGRATRT,IT,2019,0.7,b
CNMIGRATRT,IT,2020,-1.2,
CNMIGRATRT,IT,2021,1.6,
CNMIGRATRT,IT,2022,4.9,
CNMIGRATRT,LI,2011,4.9,
CNMIGRATRT,LI,2012,6.3,
CNMIGRATRT,LI,2013,5.4,
CNMIGRATRT,LI,2014,3.6,
CNMIGRATRT,LI,2015,4.9,
CNMIGRATRT,LI,2016,2.1,
CNMIGRATRT,LI,2017,5.7,
CNMIGRATRT,LI,2018,4.2,
CNMIGRATRT,LI,2019,7.2,
CNMIGRATRT,LI,2020,7,
CNMIGRATRT,LI,2021,3.8,
CNMIGRATRT,LI,2022,7.2,
CNMIGRATRT,LT,2011,-12.6,
CNMIGRATRT,LT,2012,-7.1,
CNMIGRATRT,LT,2013,-5.7,
CNMIGRATRT,LT,2014,-4.2,
CNMIGRATRT,LT,2015,-7.7,
CNMIGRATRT,LT,2016,-10.5,
CNMIGRATRT,LT,2017,-9.7,
CNMIGRATRT,LT,2018,-1.2,
CNMIGRATRT,LT,2019,3.9,
CNMIGRATRT,LT,2020,7.2,
CNMIGRATRT,LT,2021,12.4,
CNMIGRATRT,LT,2022,25.5,
CNMIGRATRT,LU,2011,21.2,
CNMIGRATRT,LU,2012,18.9,b
CNMIGRATRT,LU,2013,19,
CNMIGRATRT,LU,2014,19.9,
CNMIGRATRT,LU,2015,19.6,
CNMIGRATRT,LU,2016,16.2,
CNMIGRATRT,LU,2017,15.8,b
CNMIGRATRT,LU,2018,16.3,
CNMIGRATRT,LU,2019,16.6,
CNMIGRATRT,LU,2020,10.7,
CNMIGRATRT,LU,2021,13.2,
CNMIGRATRT,LU,2022,20.5,
CNMIGRATRT,LV,2011,-9.7,
CNMIGRATRT,LV,2012,-5.8,
CNMIGRATRT,LV,2013,-7.1,
CNMIGRATRT,LV,2014,-4.3,
CNMIGRATRT,LV,2015,-5.4,
CNMIGRATRT,LV,2016,-6.2,
CNMIGRATRT,LV,2017,-4,
CNMIGRATRT,LV,2018,-2.5,
CNMIGRATRT,LV,2019,-1.8,
CNMIGRATRT,LV,2020,-1.7,
CNMIGRATRT,LV,2021,-0.2,
CNMIGRATRT,LV,2022,11.7,
CNMIGRATRT,MC,2015,12.7,e
CNMIGRATRT,MC,2016,-17.1,e
CNMIGRATRT,MC,2018,0.7,e
CNMIGRATRT,MD,2011,-0.2,
CNMIGRATRT,MD,2012,0,
CNMIGRATRT,MD,2013,-0.5,
CNMIGRATRT,MD,2014,-9.1,be
CNMIGRATRT,MD,2015,-7.5,e
CNMIGRATRT,MD,2016,-16.4,e
CNMIGRATRT,MD,2017,-17.9,ep
CNMIGRATRT,MD,2018,-15.4,e
CNMIGRATRT,MD,2019,-15.5,e
CNMIGRATRT,MD,2020,-12.8,ep
CNMIGRATRT,MD,2022,-32,ep
CNMIGRATRT,ME,2011,-1.5,
CNMIGRATRT,ME,2012,-1.5,
CNMIGRATRT,ME,2013,-1.5,
CNMIGRATRT,ME,2014,-1.5,
CNMIGRATRT,ME,2015,-1.5,
CNMIGRATRT,ME,2016,-1.5,
CNMIGRATRT,ME,2017,-1.5,
CNMIGRATRT,ME,2018,-1.5,
CNMIGRATRT,ME,2019,-1.5,
CNMIGRATRT,ME,2020,-1.5,
CNMIGRATRT,ME,2021,-1.5,
CNMIGRATRT,ME,2022,-1.5,
CNMIGRATRT,MK,2011,-0.4,
CNMIGRATRT,MK,2012,-0.5,
CNMIGRATRT,MK,2013,-0.2,
CNMIGRATRT,MK,2014,-0.2,
CNMIGRATRT,MK,2015,-0.2,
CNMIGRATRT,MK,2016,-0.1,
CNMIGRATRT,MK,2017,0.1,
CNMIGRATRT,MK,2018,0.1,
CNMIGRATRT,MK,2019,-0.1,
CNMIGRATRT,MK,2020,-0.4,
CNMIGRATRT,MK,2021,-113.6,
CNMIGRATRT,MK,2022,-1.5,
CNMIGRATRT,MT,2011,4,
CNMIGRATRT,MT,2012,10.1,
CNMIGRATRT,MT,2013,14.4,
CNMIGRATRT,MT,2014,21.5,
CNMIGRATRT,MT,2015,22.1,
CNMIGRATRT,MT,2016,19.2,
CNMIGRATRT,MT,2017,31.3,
CNMIGRATRT,MT,2018,35.3,
CNMIGRATRT,MT,2019,40.4,
CNMIGRATRT,MT,2020,2.3,
CNMIGRATRT,MT,2021,8.9,
CNMIGRATRT,MT,2022,39.5,
CNMIGRATRT,NL,2011,1.8,
CNMIGRATRT,NL,2012,0.8,
CNMIGRATRT,NL,2013,1.2,
CNMIGRATRT,NL,2014,2.1,
CNMIGRATRT,NL,2015,3.2,
CNMIGRATRT,NL,2016,4.6,
CNMIGRATRT,NL,2017,4.7,
CNMIGRATRT,NL,2018,5,
CNMIGRATRT,NL,2019,6.2,
CNMIGRATRT,NL,2020,3.9,
CNMIGRATRT,NL,2021,6.1,
CNMIGRATRT,NL,2022,12.6,
CNMIGRATRT,NO,2011,9.4,
CNMIGRATRT,NO,2012,9.4,
CNMIGRATRT,NO,2013,7.7,
CNMIGRATRT,NO,2014,7.8,
CNMIGRATRT,NO,2015,5,
CNMIGRATRT,NO,2016,5.6,
CNMIGRATRT,NO,2017,4.1,
CNMIGRATRT,NO,2018,3.4,
CNMIGRATRT,NO,2019,4.8,
CNMIGRATRT,NO,2020,2.1,
CNMIGRATRT,NO,2021,3.7,
CNMIGRATRT,NO,2022,10.6,
CNMIGRATRT,PL,2011,-0.3,
CNMIGRATRT,PL,2012,-0.1,
CNMIGRATRT,PL,2013,-0.7,
CNMIGRATRT,PL,2014,-0.3,
CNMIGRATRT,PL,2015,-0.3,
CNMIGRATRT,PL,2016,0.3,
CNMIGRATRT,PL,2017,0.1,
CNMIGRATRT,PL,2018,0.6,e
CNMIGRATRT,PL,2019,0.5,e
CNMIGRATRT,PL,2020,0.1,ep
CNMIGRATRT,PL,2021,0.1,ep
CNMIGRATRT,PL,2022,-20.4,
CNMIGRATRT,PT,2011,-2.3,
CNMIGRATRT,PT,2012,-3.6,
CNMIGRATRT,PT,2013,-3.5,
CNMIGRATRT,PT,2014,-2.9,
CNMIGRATRT,PT,2015,-1,
CNMIGRATRT,PT,2016,-0.8,
CNMIGRATRT,PT,2017,0.5,
CNMIGRATRT,PT,2018,1.1,
CNMIGRATRT,PT,2019,4.3,
CNMIGRATRT,PT,2020,4,
CNMIGRATRT,PT,2021,2.5,bp
CNMIGRATRT,PT,2022,15,bp
CNMIGRATRT,RO,2011,-2.4,
CNMIGRATRT,RO,2012,-1.1,
CNMIGRATRT,RO,2013,-0.7,
CNMIGRATRT,RO,2014,-1,
CNMIGRATRT,RO,2015,-2.5,
CNMIGRATRT,RO,2016,-3.2,
CNMIGRATRT,RO,2017,-3,
CNMIGRATRT,RO,2018,-2.9,
CNMIGRATRT,RO,2019,-1.3,e
CNMIGRATRT,RO,2020,-1.4,e
CNMIGRATRT,RO,2021,-0.9,e
CNMIGRATRT,RO,2022,5.6,e
CNMIGRATRT,RS,2011,0.3,b
CNMIGRATRT,RS,2012,0,
CNMIGRATRT,RS,2013,0,
CNMIGRATRT,RS,2014,0.3,
CNMIGRATRT,RS,2015,0,
CNMIGRATRT,RS,2016,0,
CNMIGRATRT,RS,2017,0,
CNMIGRATRT,RS,2018,0,
CNMIGRATRT,RS,2019,0,
CNMIGRATRT,RS,2020,0,
CNMIGRATRT,RS,2021,0,
CNMIGRATRT,RS,2022,-16.3,
CNMIGRATRT,RU,2011,2.3,
CNMIGRATRT,SE,2011,4.8,
CNMIGRATRT,SE,2012,5.4,
CNMIGRATRT,SE,2013,6.9,
CNMIGRATRT,SE,2014,7.9,
CNMIGRATRT,SE,2015,8.1,
CNMIGRATRT,SE,2016,11.9,
CNMIGRATRT,SE,2017,10.1,
CNMIGRATRT,SE,2018,8.5,
CNMIGRATRT,SE,2019,7,
CNMIGRATRT,SE,2020,3.5,
CNMIGRATRT,SE,2021,4.9,
CNMIGRATRT,SE,2022,5.6,
CNMIGRATRT,SI,2011,1,
CNMIGRATRT,SI,2012,0.3,
CNMIGRATRT,SI,2013,0.2,
CNMIGRATRT,SI,2014,-0.2,
CNMIGRATRT,SI,2015,0.2,
CNMIGRATRT,SI,2016,0.5,
CNMIGRATRT,SI,2017,0.6,
CNMIGRATRT,SI,2018,7.2,
CNMIGRATRT,SI,2019,7.8,
CNMIGRATRT,SI,2020,8.7,
CNMIGRATRT,SI,2021,1.2,
CNMIGRATRT,SI,2022,6.9,
CNMIGRATRT,SK,2011,0.5,
CNMIGRATRT,SK,2012,0.6,
CNMIGRATRT,SK,2013,0.4,
CNMIGRATRT,SK,2014,0.3,
CNMIGRATRT,SK,2015,0.6,
CNMIGRATRT,SK,2016,0.7,
CNMIGRATRT,SK,2017,0.7,
CNMIGRATRT,SK,2018,0.7,
CNMIGRATRT,SK,2019,0.7,
CNMIGRATRT,SK,2020,0.8,
CNMIGRATRT,SK,2021,-1.5,
CNMIGRATRT,SK,2022,0.2,
CNMIGRATRT,SM,2011,43.2,
CNMIGRATRT,SM,2012,3.9,
CNMIGRATRT,SM,2013,-33.7,
CNMIGRATRT,SM,2014,6.9,
CNMIGRATRT,SM,2015,5.5,
CNMIGRATRT,SM,2016,5.5,
CNMIGRATRT,SM,2017,38.6,
CNMIGRATRT,SM,2018,4.2,
CNMIGRATRT,SM,2019,4.7,
CNMIGRATRT,SM,2021,-29.4,
CNMIGRATRT,SM,2022,5.1,
CNMIGRATRT,TR,2011,1.8,
CNMIGRATRT,TR,2012,0.3,
CNMIGRATRT,TR,2013,1.7,
CNMIGRATRT,TR,2014,1,
CNMIGRATRT,TR,2015,1.6,
CNMIGRATRT,TR,2016,2.3,
CNMIGRATRT,TR,2017,1.6,
CNMIGRATRT,TR,2018,4.6,be
CNMIGRATRT,TR,2019,4.9,be
CNMIGRATRT,TR,2022,0.8,
CNMIGRATRT,UA,2011,0.4,
CNMIGRATRT,UA,2012,1.4,
CNMIGRATRT,UA,2013,0.7,
CNMIGRATRT,UA,2015,0.3,b
CNMIGRATRT,UA,2016,0.2,
CNMIGRATRT,UA,2017,0.3,
CNMIGRATRT,UA,2018,0.4,
CNMIGRATRT,UA,2019,0.5,
CNMIGRATRT,UA,2020,0.2,
CNMIGRATRT,UK,2011,3.4,
CNMIGRATRT,UK,2012,2.6,
CNMIGRATRT,UK,2013,3.8,
CNMIGRATRT,UK,2014,4.6,
CNMIGRATRT,UK,2015,5.4,
CNMIGRATRT,UK,2016,4.4,
CNMIGRATRT,UK,2017,4.2,
CNMIGRATRT,UK,2018,3.9,
CNMIGRATRT,UK,2019,4,p
CNMIGRATRT,XK,2011,-19.4,b
CNMIGRATRT,XK,2012,8.4,e
CNMIGRATRT,XK,2013,-9.4,e
CNMIGRATRT,XK,2014,-18.7,e
CNMIGRATRT,XK,2015,-27.8,e
CNMIGRATRT,XK,2016,-1.7,e
CNMIGRATRT,XK,2017,0.2,e
CNMIGRATRT,XK,2018,-9.2,
CNMIGRATRT,XK,2019,-14.5,
CNMIGRATRT,XK,2020,1.6,ep
GROWRT,AD,2011,0,
GROWRT,AD,2012,-24.2,
GROWRT,AD,2016,19,e
GROWRT,AD,2018,18.3,e
GROWRT,AD,2019,17.8,e
GROWRT,AD,2022,25.5,
GROWRT,AL,2011,-1.5,
GROWRT,AL,2012,-1.8,
GROWRT,AL,2013,-1.9,
GROWRT,AL,2014,-2.3,
GROWRT,AL,2015,-3.5,
GROWRT,AL,2016,0.3,
GROWRT,AL,2017,-2.2,
GROWRT,AL,2018,-2.8,
GROWRT,AL,2019,-5.8,
GROWRT,AL,2020,-5.7,
GROWRT,AL,2021,-12.9,
GROWRT,AL,2022,-11.5,
GROWRT,AM,2011,3.6,
GROWRT,AM,2015,-4,
GROWRT,AM,2016,-4.2,
GROWRT,AM,2017,-4.5,
GROWRT,AM,2018,-2.5,
GROWRT,AM,2019,-1.9,
GROWRT,AM,2020,1.2,
GROWRT,AT,2011,3.9,
GROWRT,AT,2012,5.2,
GROWRT,AT,2013,6.6,
GROWRT,AT,2014,9,
GROWRT,AT,2015,13.4,
GROWRT,AT,2016,8.3,
GROWRT,AT,2017,5.6,
GROWRT,AT,2018,4.1,
GROWRT,AT,2019,4.8,
GROWRT,AT,2020,3.5,
GROWRT,AT,2021,5.2,
GROWRT,AT,2022,13.9,
GROWRT,AZ,2011,13.5,
GROWRT,AZ,2012,13.1,
GROWRT,AZ,2013,12.8,
GROWRT,AZ,2014,12.2,
GROWRT,AZ,2015,11.7,
GROWRT,AZ,2016,10.7,
GROWRT,AZ,2017,8.9,
GROWRT,AZ,2018,8.4,
GROWRT,AZ,2019,8.5,
GROWRT,AZ,2020,5.2,
GROWRT,AZ,2021,3.7,
GROWRT,AZ,2022,-2.9,
GROWRT,BA,2011,-1,
GROWRT,BA,2012,-0.9,
GROWRT,BA,2013,-1.2,
GROWRT,BA,2014,-1.5,
GROWRT,BA,2016,-1.8,
GROWRT,BA,2017,-2.7,
GROWRT,BA,2018,-2.4,p
GROWRT,BE,2011,6.8,b
GROWRT,BE,2012,5.6,b
GROWRT,BE,2013,3.8,
GROWRT,BE,2014,5,
GROWRT,BE,2015,6.5,
GROWRT,BE,2016,3.6,
GROWRT,BE,2017,4.1,
GROWRT,BE,2018,5,
GROWRT,BE,2019,5.8,
GROWRT,BE,2020,2.8,
GROWRT,BE,2021,5.4,
GROWRT,BE,2022,10.7,
GROWRT,BG,2011,-5.7,
GROWRT,BG,2012,-5.8,
GROWRT,BG,2013,-5.4,
GROWRT,BG,2014,-6,
GROWRT,BG,2015,-6.7,
GROWRT,BG,2016,-7.3,
GROWRT,BG,2017,-7.3,
GROWRT,BG,2018,-7.1,
GROWRT,BG,2019,-7,
GROWRT,BG,2020,-5,
GROWRT,BG,2021,-11.3,
GROWRT,BG,2022,-58.9,
GROWRT,BY,2011,-1.7,
GROWRT,BY,2012,-0.1,
GROWRT,BY,2013,0.5,
GROWRT,BY,2014,1.3,
GROWRT,BY,2015,1.8,e
GROWRT,BY,2016,0.7,
GROWRT,BY,2017,-1.4,
GROWRT,BY,2018,-1.8,
GROWRT,BY,2019,-7.1,
GROWRT,CH,2011,10.7,b
GROWRT,CH,2012,10.6,
GROWRT,CH,2013,12.4,
GROWRT,CH,2014,12,
GROWRT,CH,2015,10.8,
GROWRT,CH,2016,11,
GROWRT,CH,2017,7.6,
GROWRT,CH,2018,7.1,
GROWRT,CH,2019,7.2,
GROWRT,CH,2020,7.4,
GROWRT,CH,2021,7.9,
GROWRT,CH,2022,8.7,
GROWRT,CY,2011,26.2,
GROWRT,CY,2012,4.5,
GROWRT,CY,2013,-9.1,
GROWRT,CY,2014,-12.9,
GROWRT,CY,2015,1.5,
GROWRT,CY,2016,7.6,
GROWRT,CY,2017,11,
GROWRT,CY,2018,13.4,
GROWRT,CY,2019,13.7,
GROWRT,CY,2020,9,
GROWRT,CY,2021,9.7,
GROWRT,CY,2022,17.5,
GROWRT,CZ,2011,1.8,
GROWRT,CZ,2012,1,
GROWRT,CZ,2013,-0.4,
GROWRT,CZ,2014,2.5,
GROWRT,CZ,2015,1.5,
GROWRT,CZ,2016,2.4,
GROWRT,CZ,2017,2.9,
GROWRT,CZ,2018,3.7,
GROWRT,CZ,2019,4.1,
GROWRT,CZ,2020,0.7,
GROWRT,CZ,2021,2.1,b
GROWRT,CZ,2022,29.1,b
GROWRT,DE,2011,1.3,b
GROWRT,DE,2012,2.4,
GROWRT,DE,2013,3,
GROWRT,DE,2014,5.3,
GROWRT,DE,2015,12,
GROWRT,DE,2016,4.2,
GROWRT,DE,2017,3.3,
GROWRT,DE,2018,2.7,
GROWRT,DE,2019,1.8,
GROWRT,DE,2020,-0.1,
GROWRT,DE,2021,1,
GROWRT,DE,2022,13.4,
GROWRT,DK,2011,3.6,
GROWRT,DK,2012,4,
GROWRT,DK,2013,4.4,
GROWRT,DK,2014,5.8,
GROWRT,DK,2015,8.4,
GROWRT,DK,2016,7.2,
GROWRT,DK,2017,5.6,
GROWRT,DK,2018,4.3,
GROWRT,DK,2019,2.9,
GROWRT,DK,2020,3,
GROWRT,DK,2021,5.7,
GROWRT,DK,2022,10,
GROWRT,EA19,2011,2.1,b
GROWRT,EA19,2012,2.3,b
GROWRT,EA19,2013,4.4,
GROWRT,EA19,2014,2.4,b
GROWRT,EA19,2015,3.6,b
GROWRT,EA19,2016,2.2,
GROWRT,EA19,2017,2.1,b
GROWRT,EA19,2018,2.7,e
GROWRT,EA19,2019,2.7,bep
GROWRT,EA19,2020,0,p
GROWRT,EA19,2021,0.5,bp
GROWRT,EA19,2022,8.3,bp
GROWRT,EA20,2011,2.1,b
GROWRT,EA20,2012,2.2,b
GROWRT,EA20,2013,4.3,
GROWRT,EA20,2014,2.3,b
GROWRT,EA20,2015,3.5,b
GROWRT,EA20,2016,2.1,
GROWRT,EA20,2017,1.9,b
GROWRT,EA20,2018,2.6,e
GROWRT,EA20,2019,2.7,be
GROWRT,EA20,2020,-0.1,p
GROWRT,EA20,2021,0.2,bp
GROWRT,EA20,2022,8.2,bp
GROWRT,EE,2011,-3.3,
GROWRT,EE,2012,-3.8,
GROWRT,EE,2013,-3.3,
GROWRT,EE,2014,-1.9,
GROWRT,EE,2015,0.8,b
GROWRT,EE,2016,-0.2,
GROWRT,EE,2017,2.7,
GROWRT,EE,2018,4.3,
GROWRT,EE,2019,3.1,
GROWRT,EE,2020,0.8,
GROWRT,EE,2021,1.3,
GROWRT,EE,2022,25.3,
GROWRT,EL,2011,-3.3,
GROWRT,EL,2012,-7.5,
GROWRT,EL,2013,-7,
GROWRT,EL,2014,-6.3,
GROWRT,EL,2015,-6.9,
GROWRT,EL,2016,-1.4,
GROWRT,EL,2017,-2.5,
GROWRT,EL,2018,-1.5,
GROWRT,EL,2019,-0.6,
GROWRT,EL,2020,-3.7,
GROWRT,EL,2021,-20.7,
GROWRT,EL,2022,-4.4,
GROWRT,ES,2011,3.2,
GROWRT,ES,2012,-1.9,
GROWRT,ES,2013,-4.6,
GROWRT,ES,2014,-1.3,
GROWRT,ES,2015,-0.2,
GROWRT,ES,2016,1.9,
GROWRT,ES,2017,2.8,
GROWRT,ES,2018,6,
GROWRT,ES,2019,8.4,
GROWRT,ES,2020,1.4,
GROWRT,ES,2021,0.7,
GROWRT,ES,2022,13.7,
GROWRT,EU27_2020,2011,1.4,b
GROWRT,EU27_2020,2012,1.6,b
GROWRT,EU27_2020,2013,3.2,
GROWRT,EU27_2020,2014,1.8,b
GROWRT,EU27_2020,2015,2.6,b
GROWRT,EU27_2020,2016,1.6,
GROWRT,EU27_2020,2017,1.5,b
GROWRT,EU27_2020,2018,2,e
GROWRT,EU27_2020,2019,2.1,bep
GROWRT,EU27_2020,2020,-0.6,ep
GROWRT,EU27_2020,2021,-0.8,bep
GROWRT,EU27_2020,2022,4.3,bep
GROWRT,FI,2011,4.8,
GROWRT,FI,2012,4.7,
GROWRT,FI,2013,4.5,
GROWRT,FI,2014,3.8,
GROWRT,FI,2015,2.8,
GROWRT,FI,2016,2.9,
GROWRT,FI,2017,1.8,
GROWRT,FI,2018,0.9,
GROWRT,FI,2019,1.3,
GROWRT,FI,2020,1.5,
GROWRT,FI,2021,2.6,
GROWRT,FI,2022,2.8,
GROWRT,FR,2011,4.6,
GROWRT,FR,2012,4.9,
GROWRT,FR,2013,5.2,
GROWRT,FR,2014,4.4,b
GROWRT,FR,2015,2.7,
GROWRT,FR,2016,2.6,
GROWRT,FR,2017,3.2,
GROWRT,FR,2018,3.9,
GROWRT,FR,2019,2.9,p
GROWRT,FR,2020,2.5,p
GROWRT,FR,2021,3.2,p
GROWRT,FR,2022,3.2,p
GROWRT,FX,2011,4.8,
GROWRT,FX,2012,5.1,
GROWRT,GE,2011,6.3,
GROWRT,GE,2014,-185.2,b
GROWRT,GE,2015,-2.4,
GROWRT,GE,2016,1.6,
GROWRT,GE,2017,0.9,
GROWRT,GE,2018,-1.7,
GROWRT,GE,2019,-1.8,
GROWRT,GE,2020,3.1,
GROWRT,GE,2021,-10.8,
GROWRT,HR,2011,-3.2,
GROWRT,HR,2012,-3.2,
GROWRT,HR,2013,-3.6,
GROWRT,HR,2014,-5.1,
GROWRT,HR,2015,-8.2,
GROWRT,HR,2016,-8.7,
GROWRT,HR,2017,-11.8,
GROWRT,HR,2018,-7.1,
GROWRT,HR,2019,-4.4,
GROWRT,HR,2020,-5.4,
GROWRT,HR,2021,-44.1,
GROWRT,HR,2022,-3,
GROWRT,HU,2011,-2.8,
GROWRT,HU,2012,-2.3,b
GROWRT,HU,2013,-3.2,
GROWRT,HU,2014,-2.2,
GROWRT,HU,2015,-2.5,
GROWRT,HU,2016,-3.4,
GROWRT,HU,2017,-2,
GROWRT,HU,2018,-0.6,
GROWRT,HU,2019,-0.3,
GROWRT,HU,2020,-4,
GROWRT,HU,2021,-4.3,
GROWRT,HU,2022,-9.3,
GROWRT,IE,2011,4,
GROWRT,IE,2012,4.5,
GROWRT,IE,2013,6.1,
GROWRT,IE,2014,8.5,
GROWRT,IE,2015,10.3,
GROWRT,IE,2016,12.2,
GROWRT,IE,2017,9.6,
GROWRT,IE,2018,15.2,e
GROWRT,IE,2019,12.2,e
GROWRT,IE,2020,8.4,
GROWRT,IE,2021,10.7,
GROWRT,IE,2022,40.9,
GROWRT,IS,2011,3.5,
GROWRT,IS,2012,7.1,
GROWRT,IS,2013,11.8,
GROWRT,IS,2014,10.5,
GROWRT,IS,2015,10.4,
GROWRT,IS,2016,17.4,
GROWRT,IS,2017,29.4,
GROWRT,IS,2018,24.2,
GROWRT,IS,2019,19.8,
GROWRT,IS,2020,12.7,
GROWRT,IS,2021,20,
GROWRT,IS,2022,30.1,
GROWRT,IT,2011,0.5,
GROWRT,IT,2012,4.9,
GROWRT,IT,2013,18.2,
GROWRT,IT,2014,0.2,
GROWRT,IT,2015,-2.1,
GROWRT,IT,2016,-1.3,
GROWRT,IT,2017,-1.7,
GROWRT,IT,2018,-2.1,
GROWRT,IT,2019,-2.9,b
GROWRT,IT,2020,-6.8,
GROWRT,IT,2021,-3.5,
GROWRT,IT,2022,-0.6,
GROWRT,LI,2011,9,
GROWRT,LI,2012,9.9,
GROWRT,LI,2013,7.9,
GROWRT,LI,2014,6.4,
GROWRT,LI,2015,6.8,
GROWRT,LI,2016,5,
GROWRT,LI,2017,8,
GROWRT,LI,2018,6.9,
GROWRT,LI,2019,9.6,
GROWRT,LI,2020,7.9,
GROWRT,LI,2021,6.5,
GROWRT,LI,2022,9.3,
GROWRT,LT,2011,-16.2,
GROWRT,LT,2012,-10.6,
GROWRT,LT,2013,-9.6,
GROWRT,LT,2014,-7.6,
GROWRT,LT,2015,-11.3,
GROWRT,LT,2016,-14.2,
GROWRT,LT,2017,-13.8,
GROWRT,LT,2018,-5.3,
GROWRT,LT,2019,0,
GROWRT,LT,2020,0.6,
GROWRT,LT,2021,3.7,
GROWRT,LT,2022,18.1,
GROWRT,LU,2011,24.7,
GROWRT,LU,2012,23,b
GROWRT,LU,2013,23.3,
GROWRT,LU,2014,23.9,
GROWRT,LU,2015,23.3,
GROWRT,LU,2016,19.8,
GROWRT,LU,2017,19,b
GROWRT,LU,2018,19.6,
GROWRT,LU,2019,19.7,
GROWRT,LU,2020,13.7,
GROWRT,LU,2021,16.7,
GROWRT,LU,2022,23.6,
GROWRT,LV,2011,-14.5,
GROWRT,LV,2012,-10.3,
GROWRT,LV,2013,-11.1,
GROWRT,LV,2014,-7.7,
GROWRT,LV,2015,-8.7,
GROWRT,LV,2016,-9.6,
GROWRT,LV,2017,-8.1,
GROWRT,LV,2018,-7.5,
GROWRT,LV,2019,-6.4,
GROWRT,LV,2020,-7.6,
GROWRT,LV,2021,-9.3,
GROWRT,LV,2022,3.9,
GROWRT,MC,2015,13.2,e
GROWRT,MC,2016,-17.2,e
GROWRT,MC,2018,0,e
GROWRT,MD,2011,-0.2,
GROWRT,MD,2012,0,
GROWRT,MD,2013,-0.5,
GROWRT,MD,2014,-8.6,be
GROWRT,MD,2015,-7.2,e
GROWRT,MD,2016,-15.9,e
GROWRT,MD,2017,-18,e
GROWRT,MD,2018,-16.4,e
GROWRT,MD,2019,-17.1,e
GROWRT,MD,2020,-16.5,ep
GROWRT,MD,2022,-35.6,ep
GROWRT,ME,2011,0.7,
GROWRT,ME,2012,0.9,
GROWRT,ME,2013,1,
GROWRT,ME,2014,0.9,
GROWRT,ME,2015,0.2,
GROWRT,ME,2016,0.3,
GROWRT,ME,2017,0,
GROWRT,ME,2018,-0.3,
GROWRT,ME,2019,-0.5,
GROWRT,ME,2020,-1.8,
GROWRT,ME,2021,-4.9,
GROWRT,ME,2022,-1.6,
GROWRT,MK,2011,1.2,
GROWRT,MK,2012,1.2,
GROWRT,MK,2013,1.7,
GROWRT,MK,2014,1.6,
GROWRT,MK,2015,1,
GROWRT,MK,2016,1.2,
GROWRT,MK,2017,0.8,
GROWRT,MK,2018,0.9,
GROWRT,MK,2019,-0.4,
GROWRT,MK,2020,-3.6,
GROWRT,MK,2021,-118.6,
GROWRT,MK,2022,-3.9,
GROWRT,MT,2011,6.1,
GROWRT,MT,2012,11.8,
GROWRT,MT,2013,16.2,
GROWRT,MT,2014,23.6,
GROWRT,MT,2015,24.1,
GROWRT,MT,2016,21.7,
GROWRT,MT,2017,32.9,
GROWRT,MT,2018,36.8,
GROWRT,MT,2019,41.7,
GROWRT,MT,2020,3,
GROWRT,MT,2021,9.4,
GROWRT,MT,2022,39.7,
GROWRT,NL,2011,4.5,
GROWRT,NL,2012,2.9,
GROWRT,NL,2013,3,
GROWRT,NL,2014,4.2,
GROWRT,NL,2015,4.6,
GROWRT,NL,2016,6,
GROWRT,NL,2017,5.8,
GROWRT,NL,2018,5.9,
GROWRT,NL,2019,7.2,
GROWRT,NL,2020,3.9,
GROWRT,NL,2021,6.6,
GROWRT,NL,2022,12.5,
GROWRT,NO,2011,13.2,
GROWRT,NO,2012,13,
GROWRT,NO,2013,11.2,
GROWRT,NO,2014,11.4,
GROWRT,NO,2015,8.5,
GROWRT,NO,2016,9.1,
GROWRT,NO,2017,7.1,
GROWRT,NO,2018,6.1,
GROWRT,NO,2019,7.4,
GROWRT,NO,2020,4.4,
GROWRT,NO,2021,6.3,
GROWRT,NO,2022,11.7,
GROWRT,PL,2011,0,
GROWRT,PL,2012,0,
GROWRT,PL,2013,-1.2,
GROWRT,PL,2014,-0.3,
GROWRT,PL,2015,-1,
GROWRT,PL,2016,0.2,
GROWRT,PL,2017,0.1,
GROWRT,PL,2018,-0.1,e
GROWRT,PL,2019,-0.4,e
GROWRT,PL,2020,-3.1,ep
GROWRT,PL,2021,-4.9,ep
GROWRT,PL,2022,-24.2,
GROWRT,PT,2011,-2.9,
GROWRT,PT,2012,-5.2,
GROWRT,PT,2013,-5.7,
GROWRT,PT,2014,-5,
GROWRT,PT,2015,-3.2,
GROWRT,PT,2016,-3.1,
GROWRT,PT,2017,-1.8,
GROWRT,PT,2018,-1.4,
GROWRT,PT,2019,1.9,
GROWRT,PT,2020,0.2,
GROWRT,PT,2021,-1.9,bp
GROWRT,PT,2022,11.1,bp
GROWRT,RO,2011,-5.1,
GROWRT,RO,2012,-3.8,
GROWRT,RO,2013,-3.6,
GROWRT,RO,2014,-3.9,
GROWRT,RO,2015,-5.6,
GROWRT,RO,2016,-5.9,
GROWRT,RO,2017,-5.6,
GROWRT,RO,2018,-6.1,
GROWRT,RO,2019,-4.4,e
GROWRT,RO,2020,-6.6,e
GROWRT,RO,2021,-8.3,e
GROWRT,RO,2022,0.6,e
GROWRT,RS,2011,-4.8,b
GROWRT,RS,2012,-4.9,
GROWRT,RS,2013,-4.8,
GROWRT,RS,2014,-4.5,
GROWRT,RS,2015,-5.4,
GROWRT,RS,2016,-5.1,
GROWRT,RS,2017,-5.5,
GROWRT,RS,2018,-5.4,
GROWRT,RS,2019,-5.3,
GROWRT,RS,2020,-8,
GROWRT,RS,2021,-10.9,
GROWRT,RS,2022,-23.2,
GROWRT,RU,2011,1.4,
GROWRT,SE,2011,7.1,
GROWRT,SE,2012,7.7,
GROWRT,SE,2013,9.3,
GROWRT,SE,2014,10.6,
GROWRT,SE,2015,10.6,
GROWRT,SE,2016,14.5,
GROWRT,SE,2017,12.4,
GROWRT,SE,2018,10.8,
GROWRT,SE,2019,9.5,
GROWRT,SE,2020,5,
GROWRT,SE,2021,7,
GROWRT,SE,2022,6.6,
GROWRT,SI,2011,2.6,
GROWRT,SI,2012,1.6,
GROWRT,SI,2013,1.1,
GROWRT,SI,2014,0.9,
GROWRT,SI,2015,0.6,
GROWRT,SI,2016,0.8,
GROWRT,SI,2017,0.5,
GROWRT,SI,2018,6.8,
GROWRT,SI,2019,7.2,
GROWRT,SI,2020,6.2,
GROWRT,SI,2021,-0.9,
GROWRT,SI,2022,4.6,
GROWRT,SK,2011,2.2,
GROWRT,SK,2012,1.2,
GROWRT,SK,2013,0.9,
GROWRT,SK,2014,1,
GROWRT,SK,2015,0.9,
GROWRT,SK,2016,1.7,
GROWRT,SK,2017,1.4,
GROWRT,SK,2018,1.3,
GROWRT,SK,2019,1.4,
GROWRT,SK,2020,0.3,
GROWRT,SK,2021,-4.6,
GROWRT,SK,2022,-1.1,
GROWRT,SM,2011,46.4,
GROWRT,SM,2012,5.6,
GROWRT,SM,2013,-31.5,
GROWRT,SM,2014,8.2,
GROWRT,SM,2015,6.6,
GROWRT,SM,2016,5.8,
GROWRT,SM,2017,37.2,
GROWRT,SM,2018,4,
GROWRT,SM,2019,4.2,
GROWRT,SM,2020,2,
GROWRT,SM,2021,-32.3,
GROWRT,SM,2022,3.4,
GROWRT,TR,2011,13.5,
GROWRT,TR,2012,12,
GROWRT,TR,2013,13.7,
GROWRT,TR,2014,13.3,
GROWRT,TR,2015,13.4,
GROWRT,TR,2016,13.5,
GROWRT,TR,2017,12.4,
GROWRT,TR,2018,14.7,be
GROWRT,TR,2019,13.9,be
GROWRT,TR,2020,5.5,
GROWRT,TR,2021,12.7,
GROWRT,TR,2022,7.1,
GROWRT,UA,2011,-3.2,
GROWRT,UA,2012,-1.8,
GROWRT,UA,2013,-2.8,
GROWRT,UA,2015,-4,b
GROWRT,UA,2016,-4.1,
GROWRT,UA,2017,-4.7,
GROWRT,UA,2018,-5.5,
GROWRT,UA,2019,-6,
GROWRT,UA,2020,-7.6,
GROWRT,UK,2011,7.5,
GROWRT,UK,2012,6.4,
GROWRT,UK,2013,7,
GROWRT,UK,2014,7.8,
GROWRT,UK,2015,8.1,
GROWRT,UK,2016,7.1,
GROWRT,UK,2017,6.5,
GROWRT,UK,2018,5.6,
GROWRT,UK,2019,5.7,
GROWRT,XK,2011,-7.9,b
GROWRT,XK,2012,19.8,e
GROWRT,XK,2013,2.8,e
GROWRT,XK,2014,-8.7,e
GROWRT,XK,2015,-18.6,e
GROWRT,XK,2016,6.7,e
GROWRT,XK,2017,8.4,e
GROWRT,XK,2018,-1.6,
GROWRT,XK,2019,-7.6,
GROWRT,XK,2020,9,e
NATGROWRT,AD,2012,5.6,
NATGROWRT,AD,2016,4.5,e
NATGROWRT,AD,2018,2.8,e
NATGROWRT,AD,2019,3.1,e
NATGROWRT,AD,2022,1.6,
NATGROWRT,AL,2011,4.9,
NATGROWRT,AL,2012,5,
NATGROWRT,AL,2013,5.3,
NATGROWRT,AL,2014,5.2,
NATGROWRT,AL,2015,3.6,
NATGROWRT,AL,2016,3.6,
NATGROWRT,AL,2017,3,
NATGROWRT,AL,2018,2.5,
NATGROWRT,AL,2019,2.3,
NATGROWRT,AL,2020,0.2,
NATGROWRT,AL,2021,-1.2,
NATGROWRT,AL,2022,0.2,
NATGROWRT,AM,2011,4.7,
NATGROWRT,AM,2015,4.6,
NATGROWRT,AM,2016,4.1,
NATGROWRT,AM,2017,3.5,
NATGROWRT,AM,2018,3.6,
NATGROWRT,AM,2019,3.3,
NATGROWRT,AM,2020,0.1,
NATGROWRT,AT,2011,0.2,
NATGROWRT,AT,2012,-0.1,
NATGROWRT,AT,2013,0,
NATGROWRT,AT,2014,0.4,
NATGROWRT,AT,2015,0.2,
NATGROWRT,AT,2016,0.8,
NATGROWRT,AT,2017,0.5,
NATGROWRT,AT,2018,0.2,
NATGROWRT,AT,2019,0.2,
NATGROWRT,AT,2020,-0.9,
NATGROWRT,AT,2021,-0.7,
NATGROWRT,AT,2022,-1.2,
NATGROWRT,AZ,2011,13.3,
NATGROWRT,AZ,2012,12.9,
NATGROWRT,AZ,2013,12.6,
NATGROWRT,AZ,2014,12,
NATGROWRT,AZ,2015,11.6,
NATGROWRT,AZ,2016,10.5,
NATGROWRT,AZ,2017,8.8,
NATGROWRT,AZ,2018,8.2,
NATGROWRT,AZ,2019,8.5,
NATGROWRT,AZ,2020,5,
NATGROWRT,AZ,2021,3.5,
NATGROWRT,AZ,2022,6.1,
NATGROWRT,BA,2011,-0.9,
NATGROWRT,BA,2012,-0.9,
NATGROWRT,BA,2013,-1.3,
NATGROWRT,BA,2014,-1.5,
NATGROWRT,BA,2016,-1.8,
NATGROWRT,BA,2017,-2,
NATGROWRT,BA,2018,-2.4,p
NATGROWRT,BE,2011,2.2,b
NATGROWRT,BE,2012,1.7,b
NATGROWRT,BE,2013,1.5,
NATGROWRT,BE,2014,1.8,
NATGROWRT,BE,2015,1,
NATGROWRT,BE,2016,1.2,
NATGROWRT,BE,2017,0.9,
NATGROWRT,BE,2018,0.7,
NATGROWRT,BE,2019,0.8,
NATGROWRT,BE,2020,-1.1,
NATGROWRT,BE,2021,0.5,
NATGROWRT,BE,2022,-0.2,
NATGROWRT,BG,2011,-5.1,
NATGROWRT,BG,2012,-5.5,
NATGROWRT,BG,2013,-5.2,
NATGROWRT,BG,2014,-5.7,
NATGROWRT,BG,2015,-6.2,
NATGROWRT,BG,2016,-6,
NATGROWRT,BG,2017,-6.5,
NATGROWRT,BG,2018,-6.6,
NATGROWRT,BG,2019,-6.7,
NATGROWRT,BG,2020,-9.5,
NATGROWRT,BG,2021,-13.1,
NATGROWRT,BG,2022,-9.4,
NATGROWRT,BY,2011,-2.7,
NATGROWRT,BY,2012,-1.1,
NATGROWRT,BY,2014,-0.3,
NATGROWRT,BY,2015,-0.1,
NATGROWRT,BY,2016,-0.2,
NATGROWRT,BY,2017,-1.8,
NATGROWRT,BY,2018,-2.7,
NATGROWRT,BY,2019,-3.5,
NATGROWRT,CH,2011,2.4,b
NATGROWRT,CH,2012,2.2,
NATGROWRT,CH,2013,2.2,
NATGROWRT,CH,2014,2.6,
NATGROWRT,CH,2015,2.3,
NATGROWRT,CH,2016,2.7,
NATGROWRT,CH,2017,2.4,
NATGROWRT,CH,2018,2.4,
NATGROWRT,CH,2019,2.1,
NATGROWRT,CH,2020,1.1,
NATGROWRT,CH,2021,2.1,
NATGROWRT,CH,2022,0.9,
NATGROWRT,CY,2011,4.8,
NATGROWRT,CY,2012,5.2,
NATGROWRT,CY,2013,4.9,
NATGROWRT,CY,2014,4.5,
NATGROWRT,CY,2015,3.9,
NATGROWRT,CY,2016,4.7,
NATGROWRT,CY,2017,3.8,
NATGROWRT,CY,2018,4.1,
NATGROWRT,CY,2019,3.8,
NATGROWRT,CY,2020,3.9,
NATGROWRT,CY,2021,3.5,
NATGROWRT,CY,2022,3.2,
NATGROWRT,CZ,2011,0.2,
NATGROWRT,CZ,2012,0,
NATGROWRT,CZ,2013,-0.2,
NATGROWRT,CZ,2014,0.4,
NATGROWRT,CZ,2015,0,
NATGROWRT,CZ,2016,0.5,
NATGROWRT,CZ,2017,0.3,
NATGROWRT,CZ,2018,0.1,
NATGROWRT,CZ,2019,0,
NATGROWRT,CZ,2020,-1.8,
NATGROWRT,CZ,2021,-2.7,b
NATGROWRT,CZ,2022,-1.8,b
NATGROWRT,DE,2011,-2.4,b
NATGROWRT,DE,2012,-2.4,
NATGROWRT,DE,2013,-2.6,
NATGROWRT,DE,2014,-1.9,
NATGROWRT,DE,2015,-2.3,
NATGROWRT,DE,2016,-1.4,
NATGROWRT,DE,2017,-1.8,
NATGROWRT,DE,2018,-2,
NATGROWRT,DE,2019,-1.9,
NATGROWRT,DE,2020,-2.6,
NATGROWRT,DE,2021,-2.7,
NATGROWRT,DE,2022,-3.9,
NATGROWRT,DK,2011,1.2,
NATGROWRT,DK,2012,1,
NATGROWRT,DK,2013,0.6,
NATGROWRT,DK,2014,1,
NATGROWRT,DK,2015,1,
NATGROWRT,DK,2016,1.5,
NATGROWRT,DK,2017,1.4,
NATGROWRT,DK,2018,1.1,
NATGROWRT,DK,2019,1.2,
NATGROWRT,DK,2020,1.1,
NATGROWRT,DK,2021,1.1,
NATGROWRT,DK,2022,-0.2,
NATGROWRT,EA19,2011,0.7,b
NATGROWRT,EA19,2012,0.3,b
NATGROWRT,EA19,2013,0.1,
NATGROWRT,EA19,2014,0.3,b
NATGROWRT,EA19,2015,-0.4,b
NATGROWRT,EA19,2016,-0.1,
NATGROWRT,EA19,2017,-0.6,b
NATGROWRT,EA19,2018,-0.9,e
NATGROWRT,EA19,2019,-0.9,bep
NATGROWRT,EA19,2020,-2.2,p
NATGROWRT,EA19,2021,-2,bp
NATGROWRT,EA19,2022,-2.6,bp
NATGROWRT,EA20,2011,0.7,b
NATGROWRT,EA20,2012,0.2,b
NATGROWRT,EA20,2013,0,
NATGROWRT,EA20,2014,0.2,b
NATGROWRT,EA20,2015,-0.4,b
NATGROWRT,EA20,2016,-0.2,
NATGROWRT,EA20,2017,-0.7,b
NATGROWRT,EA20,2018,-0.9,e
NATGROWRT,EA20,2019,-1,be
NATGROWRT,EA20,2020,-2.2,p
NATGROWRT,EA20,2021,-2.1,bp
NATGROWRT,EA20,2022,-2.6,bp
NATGROWRT,EE,2011,-0.4,
NATGROWRT,EE,2012,-1.1,
NATGROWRT,EE,2013,-1.3,
NATGROWRT,EE,2014,-1.5,
NATGROWRT,EE,2015,-1,b
NATGROWRT,EE,2016,-1,
NATGROWRT,EE,2017,-1.3,
NATGROWRT,EE,2018,-1,
NATGROWRT,EE,2019,-1,
NATGROWRT,EE,2020,-2,
NATGROWRT,EE,2021,-4,
NATGROWRT,EE,2022,-4.2,
NATGROWRT,EL,2011,-0.4,
NATGROWRT,EL,2012,-1.5,
NATGROWRT,EL,2013,-1.6,
NATGROWRT,EL,2014,-2,
NATGROWRT,EL,2015,-2.7,
NATGROWRT,EL,2016,-2.4,
NATGROWRT,EL,2017,-3.3,
NATGROWRT,EL,2018,-3.2,
NATGROWRT,EL,2019,-3.8,
NATGROWRT,EL,2020,-4.3,
NATGROWRT,EL,2021,-5.5,
NATGROWRT,EL,2022,-6.1,
NATGROWRT,ES,2011,1.8,
NATGROWRT,ES,2012,1.1,
NATGROWRT,ES,2013,0.8,
NATGROWRT,ES,2014,0.7,
NATGROWRT,ES,2015,0,
NATGROWRT,ES,2016,0,
NATGROWRT,ES,2017,-0.7,
NATGROWRT,ES,2018,-1.2,
NATGROWRT,ES,2019,-1.2,
NATGROWRT,ES,2020,-3.2,
NATGROWRT,ES,2021,-2.4,
NATGROWRT,ES,2022,-2.8,
NATGROWRT,EU27_2020,2011,0.3,b
NATGROWRT,EU27_2020,2012,-0.1,b
NATGROWRT,EU27_2020,2013,-0.3,
NATGROWRT,EU27_2020,2014,0,b
NATGROWRT,EU27_2020,2015,-0.7,b
NATGROWRT,EU27_2020,2016,-0.3,
NATGROWRT,EU27_2020,2017,-0.7,b
NATGROWRT,EU27_2020,2018,-1,e
NATGROWRT,EU27_2020,2019,-1.1,bep
NATGROWRT,EU27_2020,2020,-2.5,ep
NATGROWRT,EU27_2020,2021,-2.7,bep
NATGROWRT,EU27_2020,2022,-2.9,bep
NATGROWRT,FI,2011,1.7,
NATGROWRT,FI,2012,1.4,
NATGROWRT,FI,2013,1.2,
NATGROWRT,FI,2014,0.9,
NATGROWRT,FI,2015,0.5,
NATGROWRT,FI,2016,-0.2,
NATGROWRT,FI,2017,-0.6,
NATGROWRT,FI,2018,-1.3,
NATGROWRT,FI,2019,-1.5,
NATGROWRT,FI,2020,-1.6,
NATGROWRT,FI,2021,-1.5,
NATGROWRT,FI,2022,-3.3,
NATGROWRT,FR,2011,4.3,
NATGROWRT,FR,2012,3.8,
NATGROWRT,FR,2013,3.7,
NATGROWRT,FR,2014,3.9,b
NATGROWRT,FR,2015,3.1,
NATGROWRT,FR,2016,2.9,
NATGROWRT,FR,2017,2.4,
NATGROWRT,FR,2018,2.2,
NATGROWRT,FR,2019,2.1,p
NATGROWRT,FR,2020,1,p
NATGROWRT,FR,2021,1.2,p
NATGROWRT,FR,2022,0.8,p
NATGROWRT,FX,2011,4.1,
NATGROWRT,FX,2012,3.6,
NATGROWRT,GE,2011,1.8,
NATGROWRT,GE,2014,2.8,b
NATGROWRT,GE,2015,2.7,
NATGROWRT,GE,2016,1.6,
NATGROWRT,GE,2017,1.5,
NATGROWRT,GE,2018,1.2,
NATGROWRT,GE,2019,0.4,
NATGROWRT,GE,2020,-1.1,
NATGROWRT,GE,2021,-3.8,
NATGROWRT,HR,2011,-2.3,
NATGROWRT,HR,2012,-2.3,
NATGROWRT,HR,2013,-2.5,
NATGROWRT,HR,2014,-2.7,
NATGROWRT,HR,2015,-4,
NATGROWRT,HR,2016,-3.4,
NATGROWRT,HR,2017,-4.1,
NATGROWRT,HR,2018,-3.9,
NATGROWRT,HR,2019,-3.9,
NATGROWRT,HR,2020,-5.2,
NATGROWRT,HR,2021,-6.6,
NATGROWRT,HR,2022,-6,
NATGROWRT,HU,2011,-4.1,
NATGROWRT,HU,2012,-3.9,b
NATGROWRT,HU,2013,-3.8,
NATGROWRT,HU,2014,-3.3,
NATGROWRT,HU,2015,-4,
NATGROWRT,HU,2016,-3.2,
NATGROWRT,HU,2017,-3.8,
NATGROWRT,HU,2018,-3.9,
NATGROWRT,HU,2019,-3.8,
NATGROWRT,HU,2020,-4.9,
NATGROWRT,HU,2021,-6.4,
NATGROWRT,HU,2022,-4.9,
NATGROWRT,IE,2011,10,
NATGROWRT,IE,2012,9.2,
NATGROWRT,IE,2013,8.5,
NATGROWRT,IE,2014,8.2,
NATGROWRT,IE,2015,7.5,
NATGROWRT,IE,2016,7,
NATGROWRT,IE,2017,6.6,
NATGROWRT,IE,2018,6.1,e
NATGROWRT,IE,2019,5.7,e
NATGROWRT,IE,2020,4.7,
NATGROWRT,IE,2021,5.2,
NATGROWRT,IE,2022,3.8,
NATGROWRT,IS,2011,7.9,
NATGROWRT,IS,2012,8,
NATGROWRT,IS,2013,6.7,
NATGROWRT,IS,2014,7.1,
NATGROWRT,IS,2015,5.9,
NATGROWRT,IS,2016,5.1,
NATGROWRT,IS,2017,5.3,
NATGROWRT,IS,2018,5.6,
NATGROWRT,IS,2019,6,
NATGROWRT,IS,2020,6,
NATGROWRT,IS,2021,6.8,
NATGROWRT,IS,2022,4.4,
NATGROWRT,IT,2011,-0.8,
NATGROWRT,IT,2012,-1.3,
NATGROWRT,IT,2013,-1.4,
NATGROWRT,IT,2014,-1.6,
NATGROWRT,IT,2015,-2.7,
NATGROWRT,IT,2016,-2.3,
NATGROWRT,IT,2017,-3.2,
NATGROWRT,IT,2018,-3.2,
NATGROWRT,IT,2019,-3.6,b
NATGROWRT,IT,2020,-5.6,
NATGROWRT,IT,2021,-5.1,
NATGROWRT,IT,2022,-5.5,
NATGROWRT,LI,2011,4,
NATGROWRT,LI,2012,3.6,
NATGROWRT,LI,2013,2.5,
NATGROWRT,LI,2014,2.8,
NATGROWRT,LI,2015,1.9,
NATGROWRT,LI,2016,2.8,
NATGROWRT,LI,2017,2.3,
NATGROWRT,LI,2018,2.7,
NATGROWRT,LI,2019,2.4,
NATGROWRT,LI,2020,0.9,
NATGROWRT,LI,2021,2.7,
NATGROWRT,LI,2022,2.2,
NATGROWRT,LT,2011,-3.6,
NATGROWRT,LT,2012,-3.5,
NATGROWRT,LT,2013,-3.9,
NATGROWRT,LT,2014,-3.4,
NATGROWRT,LT,2015,-3.5,
NATGROWRT,LT,2016,-3.7,
NATGROWRT,LT,2017,-4,
NATGROWRT,LT,2018,-4.1,
NATGROWRT,LT,2019,-3.9,
NATGROWRT,LT,2020,-6.6,
NATGROWRT,LT,2021,-8.7,
NATGROWRT,LT,2022,-7.4,
NATGROWRT,LU,2011,3.5,
NATGROWRT,LU,2012,4,b
NATGROWRT,LU,2013,4.2,
NATGROWRT,LU,2014,4,
NATGROWRT,LU,2015,3.7,
NATGROWRT,LU,2016,3.6,
NATGROWRT,LU,2017,3.2,b
NATGROWRT,LU,2018,3.2,
NATGROWRT,LU,2019,3.1,
NATGROWRT,LU,2020,2.9,
NATGROWRT,LU,2021,3.4,
NATGROWRT,LU,2022,3.1,
NATGROWRT,LV,2011,-4.7,
NATGROWRT,LV,2012,-4.5,
NATGROWRT,LV,2013,-4,
NATGROWRT,LV,2014,-3.4,
NATGROWRT,LV,2015,-3.3,
NATGROWRT,LV,2016,-3.4,
NATGROWRT,LV,2017,-4.1,
NATGROWRT,LV,2018,-4.9,
NATGROWRT,LV,2019,-4.7,
NATGROWRT,LV,2020,-5.9,
NATGROWRT,LV,2021,-9.1,
NATGROWRT,LV,2022,-7.9,
NATGROWRT,MC,2015,0.5,e
NATGROWRT,MC,2016,-0.1,e
NATGROWRT,MC,2018,-0.7,e
NATGROWRT,MD,2011,0,
NATGROWRT,MD,2012,0,
NATGROWRT,MD,2013,-0.1,
NATGROWRT,MD,2014,0.5,be
NATGROWRT,MD,2015,0.4,e
NATGROWRT,MD,2016,0.5,e
NATGROWRT,MD,2017,-0.1,ep
NATGROWRT,MD,2018,-0.9,e
NATGROWRT,MD,2019,-1.6,e
NATGROWRT,MD,2020,-3.8,ep
NATGROWRT,MD,2022,-3.6,ep
NATGROWRT,ME,2011,2.2,
NATGROWRT,ME,2012,2.5,
NATGROWRT,ME,2013,2.5,
NATGROWRT,ME,2014,2.4,
NATGROWRT,ME,2015,1.7,
NATGROWRT,ME,2016,1.8,
NATGROWRT,ME,2017,1.5,
NATGROWRT,ME,2018,1.2,
NATGROWRT,ME,2019,1,
NATGROWRT,ME,2020,-0.3,
NATGROWRT,ME,2021,-3.4,
NATGROWRT,ME,2022,-0.1,
NATGROWRT,MK,2011,1.6,
NATGROWRT,MK,2012,1.7,
NATGROWRT,MK,2013,1.9,
NATGROWRT,MK,2014,1.9,
NATGROWRT,MK,2015,1.3,
NATGROWRT,MK,2016,1.2,
NATGROWRT,MK,2017,0.7,
NATGROWRT,MK,2018,0.8,
NATGROWRT,MK,2019,-0.3,
NATGROWRT,MK,2020,-3.2,
NATGROWRT,MK,2021,-5.1,
NATGROWRT,MK,2022,-2.4,
NATGROWRT,MT,2011,2.2,
NATGROWRT,MT,2012,1.7,
NATGROWRT,MT,2013,1.9,
NATGROWRT,MT,2014,2.1,
NATGROWRT,MT,2015,2,
NATGROWRT,MT,2016,2.5,
NATGROWRT,MT,2017,1.6,
NATGROWRT,MT,2018,1.6,
NATGROWRT,MT,2019,1.3,
NATGROWRT,MT,2020,0.6,
NATGROWRT,MT,2021,0.4,
NATGROWRT,MT,2022,0.1,
NATGROWRT,NL,2011,2.7,
NATGROWRT,NL,2012,2.1,
NATGROWRT,NL,2013,1.8,
NATGROWRT,NL,2014,2.1,
NATGROWRT,NL,2015,1.4,
NATGROWRT,NL,2016,1.4,
NATGROWRT,NL,2017,1.1,
NATGROWRT,NL,2018,0.9,
NATGROWRT,NL,2019,1,
NATGROWRT,NL,2020,0,
NATGROWRT,NL,2021,0.5,
NATGROWRT,NL,2022,-0.1,
NATGROWRT,NO,2011,3.8,
NATGROWRT,NO,2012,3.6,
NATGROWRT,NO,2013,3.5,
NATGROWRT,NO,2014,3.6,
NATGROWRT,NO,2015,3.5,
NATGROWRT,NO,2016,3.5,
NATGROWRT,NO,2017,3,
NATGROWRT,NO,2018,2.7,
NATGROWRT,NO,2019,2.6,
NATGROWRT,NO,2020,2.3,
NATGROWRT,NO,2021,2.6,
NATGROWRT,NO,2022,1,
NATGROWRT,PL,2011,0.3,
NATGROWRT,PL,2012,0,
NATGROWRT,PL,2013,-0.5,
NATGROWRT,PL,2014,0,
NATGROWRT,PL,2015,-0.7,
NATGROWRT,PL,2016,-0.2,
NATGROWRT,PL,2017,0,
NATGROWRT,PL,2018,-0.7,e
NATGROWRT,PL,2019,-0.9,e
NATGROWRT,PL,2020,-3.2,ep
NATGROWRT,PL,2021,-5,ep
NATGROWRT,PL,2022,-3.9,
NATGROWRT,PT,2011,-0.6,
NATGROWRT,PT,2012,-1.7,
NATGROWRT,PT,2013,-2.3,
NATGROWRT,PT,2014,-2.2,
NATGROWRT,PT,2015,-2.2,
NATGROWRT,PT,2016,-2.3,
NATGROWRT,PT,2017,-2.3,
NATGROWRT,PT,2018,-2.5,
NATGROWRT,PT,2019,-2.5,
NATGROWRT,PT,2020,-3.8,
NATGROWRT,PT,2021,-4.4,bp
NATGROWRT,PT,2022,-3.9,bp
NATGROWRT,RO,2011,-2.7,
NATGROWRT,RO,2012,-2.7,
NATGROWRT,RO,2013,-2.9,
NATGROWRT,RO,2014,-2.8,
NATGROWRT,RO,2015,-3.1,
NATGROWRT,RO,2016,-2.7,
NATGROWRT,RO,2017,-2.6,
NATGROWRT,RO,2018,-3.2,
NATGROWRT,RO,2019,-3.1,e
NATGROWRT,RO,2020,-5.2,e
NATGROWRT,RO,2021,-7.4,e
NATGROWRT,RO,2022,-5,e
NATGROWRT,RS,2011,-5.2,b
NATGROWRT,RS,2012,-4.9,
NATGROWRT,RS,2013,-4.8,
NATGROWRT,RS,2014,-4.9,
NATGROWRT,RS,2015,-5.4,
NATGROWRT,RS,2016,-5.1,
NATGROWRT,RS,2017,-5.5,
NATGROWRT,RS,2018,-5.4,
NATGROWRT,RS,2019,-5.3,
NATGROWRT,RS,2020,-8,
NATGROWRT,RS,2021,-10.9,
NATGROWRT,RS,2022,-6.9,
NATGROWRT,RU,2011,-0.9,
NATGROWRT,SE,2011,2.3,
NATGROWRT,SE,2012,2.2,
NATGROWRT,SE,2013,2.4,
NATGROWRT,SE,2014,2.7,
NATGROWRT,SE,2015,2.4,
NATGROWRT,SE,2016,2.7,
NATGROWRT,SE,2017,2.3,
NATGROWRT,SE,2018,2.3,
NATGROWRT,SE,2019,2.5,
NATGROWRT,SE,2020,1.4,
NATGROWRT,SE,2021,2.1,
NATGROWRT,SE,2022,1,
NATGROWRT,SI,2011,1.6,
NATGROWRT,SI,2012,1.3,
NATGROWRT,SI,2013,0.9,
NATGROWRT,SI,2014,1.1,
NATGROWRT,SI,2015,0.4,
NATGROWRT,SI,2016,0.3,
NATGROWRT,SI,2017,-0.1,
NATGROWRT,SI,2018,-0.4,
NATGROWRT,SI,2019,-0.6,
NATGROWRT,SI,2020,-2.5,
NATGROWRT,SI,2021,-2,
NATGROWRT,SI,2022,-2.3,
NATGROWRT,SK,2011,1.7,
NATGROWRT,SK,2012,0.6,
NATGROWRT,SK,2013,0.5,
NATGROWRT,SK,2014,0.7,
NATGROWRT,SK,2015,0.3,
NATGROWRT,SK,2016,1,
NATGROWRT,SK,2017,0.7,
NATGROWRT,SK,2018,0.6,
NATGROWRT,SK,2019,0.7,
NATGROWRT,SK,2020,-0.4,
NATGROWRT,SK,2021,-3.1,
NATGROWRT,SK,2022,-1.3,
NATGROWRT,SM,2011,3.2,
NATGROWRT,SM,2012,1.6,
NATGROWRT,SM,2013,2.2,
NATGROWRT,SM,2014,1.3,
NATGROWRT,SM,2015,1,
NATGROWRT,SM,2016,0.3,
NATGROWRT,SM,2017,-1.5,
NATGROWRT,SM,2018,-0.3,
NATGROWRT,SM,2019,-0.5,
NATGROWRT,SM,2021,-2.9,
NATGROWRT,SM,2022,-1.7,
NATGROWRT,TR,2011,11.4,
NATGROWRT,TR,2012,11.7,
NATGROWRT,TR,2013,12,
NATGROWRT,TR,2014,12.3,
NATGROWRT,TR,2015,11.8,
NATGROWRT,TR,2016,11.2,
NATGROWRT,TR,2017,10.8,
NATGROWRT,TR,2018,10.1,be
NATGROWRT,TR,2019,9.1,be
NATGROWRT,TR,2022,6.2,
NATGROWRT,UA,2011,-3.6,
NATGROWRT,UA,2012,-3.1,
NATGROWRT,UA,2013,-3.5,
NATGROWRT,UA,2015,-4.3,b
NATGROWRT,UA,2016,-4.4,
NATGROWRT,UA,2017,-5,
NATGROWRT,UA,2018,-6,
NATGROWRT,UA,2019,-6.5,
NATGROWRT,UA,2020,-7.8,
NATGROWRT,UK,2011,4,
NATGROWRT,UK,2012,3.8,
NATGROWRT,UK,2013,3.2,
NATGROWRT,UK,2014,3.2,
NATGROWRT,UK,2015,2.7,
NATGROWRT,UK,2016,2.7,
NATGROWRT,UK,2017,2.3,
NATGROWRT,UK,2018,1.8,
NATGROWRT,UK,2019,1.6,p
NATGROWRT,XK,2011,11.5,b
NATGROWRT,XK,2012,11.4,e
NATGROWRT,XK,2013,12.2,e
NATGROWRT,XK,2014,10.1,e
NATGROWRT,XK,2015,9.2,e
NATGROWRT,XK,2016,8.4,e
NATGROWRT,XK,2017,8.2,e
NATGROWRT,XK,2018,7.7,
NATGROWRT,XK,2019,6.9,
NATGROWRT,XK,2020,7.4,ep
